{
  "baseline": {
    "name": "Baseline (ARES7-Best)",
    "sharpe": 1.8532030143669198,
    "sortino": 2.828499950761862,
    "ann_return": 0.1796416740689758,
    "ann_vol": 0.09693577696361773,
    "max_dd": -0.087249040276417,
    "calmar": 2.058953009681782
  },
  "conservative": {
    "name": "Conservative (Combined)",
    "sharpe": 1.7434459164044231,
    "sortino": 2.5922907644010835,
    "ann_return": 0.1306106775198686,
    "ann_vol": 0.07491524474084756,
    "max_dd": -0.06645962968874697,
    "calmar": 1.9652633957119952
  },
  "moderate": {
    "name": "Moderate (Combined)",
    "sharpe": 1.748106413062421,
    "sortino": 2.6129701768519182,
    "ann_return": 0.17203940422827857,
    "ann_vol": 0.09841472060438888,
    "max_dd": -0.09097896693174912,
    "calmar": 1.8909799707589516
  },
  "aggressive": {
    "name": "Aggressive (Combined)",
    "sharpe": 1.7404861785665995,
    "sortino": 2.6156885482389147,
    "ann_return": 0.21088679336693192,
    "ann_vol": 0.12116545133418444,
    "max_dd": -0.10766890774302884,
    "calmar": 1.9586600977716897
  }
}