{
  "baseline": {
    "sharpe": 1.8535722886585928,
    "sortino": 2.8297841732801357,
    "ann_return": 0.1796416740689758,
    "ann_vol": 0.09691646512420632,
    "max_dd": -0.087249040276417,
    "calmar": 2.058953009681782
  },
  "aggressive": {
    "sharpe": 2.365084985128669,
    "sortino": 3.8296770464371868,
    "ann_return": 0.526379406452179,
    "ann_vol": 0.2225625758744319,
    "max_dd": -0.2234591841697693,
    "calmar": 2.355595350265503
  },
  "balanced": {
    "sharpe": 2.3650848112951754,
    "sortino": 3.8296767543488586,
    "ann_return": 0.28381016850471497,
    "ann_vol": 0.11999999625776377,
    "max_dd": -0.1215660572052002,
    "calmar": 2.3346168994903564
  },
  "config": {
    "qm_overlay": {
      "overlay_strength": 0.05,
      "top_frac": 0.2,
      "bottom_frac": 0.2
    },
    "exposure_scale": 0.5391742054050591,
    "target_vol": 0.12
  }
}