{
  "overlay_strength": 0.05,
  "top_frac": 0.2,
  "bottom_frac": 0.2,
  "metrics": {
    "sharpe": 2.365084985128669,
    "sortino": 3.8296770464371868,
    "ann_return": 0.526379406452179,
    "ann_vol": 0.2225625758744319,
    "max_dd": -0.2234591841697693,
    "calmar": 2.355595350265503
  },
  "baseline": {
    "sharpe": 1.8535722886585928,
    "sortino": 2.8297841732801357,
    "ann_return": 0.1796416740689758,
    "ann_vol": 0.09691646512420632,
    "max_dd": -0.087249040276417,
    "calmar": 2.058953009681782
  }
}