{
  "baseline": {
    "sharpe": 1.8535722886585928,
    "sortino": 2.8297841732801357,
    "ann_return": 0.1796416740689758,
    "ann_vol": 0.09691646512420632,
    "max_dd": -0.087249040276417,
    "calmar": 2.058953009681782
  },
  "before_tc": {
    "sharpe": 0.9610907374699494,
    "sortino": 1.1813180386945625,
    "ann_return": 0.16592264488440198,
    "ann_vol": 0.17263993753720877,
    "max_dd": -0.3247862260893388,
    "calmar": 0.5108672460720723
  },
  "after_tc": {
    "sharpe": 0.0,
    "sortino": 0.0,
    "ann_return": 0.0,
    "ann_vol": 0.0,
    "max_dd": 0.0,
    "calmar": 0.0
  },
  "delta": {
    "sharpe": -1.8535722886585928,
    "sortino": -2.8297841732801357,
    "ann_return": -0.1796416740689758,
    "ann_vol": -0.09691646512420632,
    "max_dd": 0.087249040276417,
    "calmar": -2.058953009681782
  },
  "avg_daily_tc_bps": 0.0,
  "total_tc_pct": 0.0
}