{
  "baseline": {
    "sharpe": 1.8535722886585928,
    "sortino": 2.8297841732801357,
    "ann_return": 0.1796416740689758,
    "ann_vol": 0.09691646512420632,
    "max_dd": -0.087249040276417,
    "calmar": 2.058953009681782
  },
  "qm_overlay": {
    "sharpe": 1.9349016265937002,
    "sortino": 3.4273580570572304,
    "ann_return": 0.48969006538391113,
    "ann_vol": 0.2530826676940608,
    "max_dd": -0.2612835764884949,
    "calmar": 1.8741708993911743
  },
  "delta": {
    "sharpe": 0.08132933793510744,
    "sortino": 0.5975738837770947,
    "ann_return": 0.31004839131493533,
    "ann_vol": 0.15616620256985447,
    "max_dd": -0.17403453621207787,
    "calmar": -0.18478211029060754
  }
}