{
  "config": {
    "tilt_size": 0.015,
    "horizon": 30,
    "fee_rate": 0.0005
  },
  "base": {
    "all": {
      "sharpe": 0.8945527578209113,
      "ann_return": 0.14334172488604668,
      "ann_vol": 0.16023842488085382,
      "mdd": -0.32483493199421604
    },
    "train": {
      "sharpe": 1.558131839097713,
      "ann_return": 0.18067275563284674,
      "ann_vol": 0.11595472931062831,
      "mdd": -0.16027940148836112
    },
    "val": {
      "sharpe": 0.9216253152839,
      "ann_return": 0.22933735858144158,
      "ann_vol": 0.24884012491648616,
      "mdd": -0.32483493199421587
    },
    "test": {
      "sharpe": 0.45092112390671274,
      "ann_return": 0.06417069267297479,
      "ann_vol": 0.14231023846700633,
      "mdd": -0.1900579348965462
    }
  },
  "overlay": {
    "all": {
      "sharpe": 0.9576494136994657,
      "ann_return": 0.15467098140037805,
      "ann_vol": 0.16151106990487615,
      "mdd": -0.3175570000439485
    },
    "train": {
      "sharpe": 1.5430488757960823,
      "ann_return": 0.18241469532348853,
      "ann_vol": 0.11821705597586987,
      "mdd": -0.14963038198123152
    },
    "val": {
      "sharpe": 0.932368751765129,
      "ann_return": 0.23067397922019445,
      "ann_vol": 0.24740638163118434,
      "mdd": -0.31755700004394855
    },
    "test": {
      "sharpe": 0.6502086996879853,
      "ann_return": 0.09297827059677434,
      "ann_vol": 0.14299758007143198,
      "mdd": -0.1790772591137349
    }
  },
  "incremental": {
    "all": {
      "sharpe": 0.42978653716616627,
      "ann_return": 0.011329256514331353,
      "ann_vol": 0.026360194037327832,
      "mdd": -0.08929373609865389
    },
    "train": {
      "sharpe": 0.06298041532547657,
      "ann_return": 0.0017419396906418183,
      "ann_vol": 0.027658434477442647,
      "mdd": -0.06412189767408935
    },
    "val": {
      "sharpe": 0.08562011979378785,
      "ann_return": 0.0013366206387528852,
      "ann_vol": 0.015611057797770842,
      "mdd": -0.025049802401338854
    },
    "test": {
      "sharpe": 2.146450728720735,
      "ann_return": 0.028807577923799576,
      "ann_vol": 0.013421029208049247,
      "mdd": -0.014643933196509003
    }
  },
  "turnover": {
    "total_events": 898,
    "annual_events": 89.91077302631578,
    "estimated_annual_turnover_pct": 269.73231907894734,
    "estimated_annual_cost_pct": 0.13486615953947367
  },
  "success_criteria": {
    "Turnover \u2264 400%": true,
    "Net Incr Sharpe \u2265 0": true,
    "Train/Val/Test \ubaa8\ub450 \uc591\uc218": true,
    "Combined Sharpe \u2265 0.80": true
  },
  "overall_success": true
}