{
  "total_days": 2510,
  "bull_days": 1827,
  "bull_pct": 72.78884462151395,
  "cond1_pct": 88.32669322709164,
  "cond2_pct": 89.16334661354581,
  "cond3_pct": 89.80079681274901,
  "cond4_pct": 85.57768924302789,
  "period_stats": {
    "Train (2015-2019)": 73.32686711930165,
    "OOS 1 (2020-2021)": 61.98019801980198,
    "OOS 2 (2022-2024)": 74.23638778220452,
    "OOS 3 (2025)": 90.04524886877829
  }
}