{
  "config": {
    "horizon": 20,
    "tilt_per_event": 0.01,
    "fee_rate": 0.0005
  },
  "base": {
    "all": {
      "period": "All",
      "sharpe": 0.8945527578209113,
      "ann_return": 0.14334172488604668,
      "ann_vol": 0.16023842488085382,
      "mdd": -0.32483493199421604
    },
    "train": {
      "period": "Train",
      "sharpe": 1.558131839097713,
      "ann_return": 0.18067275563284674,
      "ann_vol": 0.11595472931062831,
      "mdd": -0.16027940148836112
    },
    "val": {
      "period": "Val",
      "sharpe": 0.9216253152839,
      "ann_return": 0.22933735858144158,
      "ann_vol": 0.24884012491648616,
      "mdd": -0.32483493199421587
    },
    "test": {
      "period": "Test",
      "sharpe": 0.45092112390671274,
      "ann_return": 0.06417069267297479,
      "ann_vol": 0.14231023846700633,
      "mdd": -0.1900579348965462
    }
  },
  "overlay": {
    "all": {
      "period": "All",
      "sharpe": 0.9473461931986124,
      "ann_return": 0.15173278768666465,
      "ann_vol": 0.16016614493837278,
      "mdd": -0.3153356986131146
    },
    "train": {
      "period": "Train",
      "sharpe": 1.5145120730158796,
      "ann_return": 0.17789559491951,
      "ann_vol": 0.11746066478378267,
      "mdd": -0.1522089058806256
    },
    "val": {
      "period": "Val",
      "sharpe": 0.947062178567831,
      "ann_return": 0.23259132331126586,
      "ann_vol": 0.24559245271835875,
      "mdd": -0.3153356986131144
    },
    "test": {
      "period": "Test",
      "sharpe": 0.630200800213401,
      "ann_return": 0.08907397247722959,
      "ann_vol": 0.14134220782815105,
      "mdd": -0.17482092211801056
    }
  },
  "incremental": {
    "all": {
      "period": "All",
      "sharpe": 0.33690954915091215,
      "ann_return": 0.008391062800617967,
      "ann_vol": 0.0249059809131719,
      "mdd": -0.08929373609865389
    },
    "train": {
      "period": "Train",
      "sharpe": -0.10293690952061439,
      "ann_return": -0.0027771607133367645,
      "ann_vol": 0.02697925094380849,
      "mdd": -0.06412189767408935
    },
    "val": {
      "period": "Val",
      "sharpe": 0.28189196897732105,
      "ann_return": 0.003253964729824309,
      "ann_vol": 0.011543304130406423,
      "mdd": -0.016791464043537953
    },
    "test": {
      "period": "Test",
      "sharpe": 2.7256814504109714,
      "ann_return": 0.024903279804254778,
      "ann_vol": 0.009136533471473685,
      "mdd": -0.006145697482498353
    }
  },
  "turnover": {
    "total_events": 898,
    "annual_events": 89.91077302631578,
    "estimated_annual_turnover_pct": 179.82154605263156,
    "estimated_annual_cost_pct": 0.08991077302631578
  },
  "success_criteria": {
    "Turnover \u2264 400%": true,
    "Net Incr Sharpe \u2265 0": "True",
    "Train/Val/Test \ubaa8\ub450 \uc591\uc218": "False"
  },
  "overall_success": false
}