{
  "hrp_weights": {
    "FV2_2": 0.40460961452982275,
    "FV2_1": 0.102566743060336,
    "FV2_3": 0.10120872614573007,
    "A+LS": 0.06245559088844701,
    "LV2": 0.10288393414388522,
    "C1": 0.058582391462101736,
    "Factor": 0.1676929997696772
  },
  "equal_metrics": {
    "sharpe": 1.768806286200349,
    "return": 0.13473800621439436,
    "vol": 0.0729837933877612,
    "mdd": -0.0760148601640022
  },
  "inv_var_metrics": {
    "sharpe": 1.7325310456039873,
    "return": 0.12031939199625064,
    "vol": 0.06688099030039774,
    "mdd": -0.06792058760310482
  },
  "static_metrics": {
    "sharpe": 1.8956289547007745,
    "return": 0.13832137268248346,
    "vol": 0.06963899175486933,
    "mdd": -0.06443157204812164
  },
  "hrp_metrics": {
    "sharpe": 1.8376818109237731,
    "return": 0.11679815101585334,
    "vol": 0.06114060698012384,
    "mdd": -0.06242990032077813
  },
  "improvement_pct": -3.0568821832618798
}