{
  "regime_distribution": {
    "Medium": 1284,
    "Low": 613,
    "High": 613
  },
  "regime_performance": {
    "A+LS": {
      "Low": 1.4568132776750624,
      "Medium": 0.885312658981635,
      "High": 0.8429788946793102
    },
    "C1": {
      "Low": -0.0929439521353376,
      "Medium": 0.39905774737742467,
      "High": 1.4818482918317164
    },
    "LV2": {
      "Low": 1.2145504072860938,
      "Medium": 1.0255614130595536,
      "High": 0.6557313337050162
    },
    "Factor": {
      "Low": 0.9492853492010188,
      "Medium": 0.3707668457026353,
      "High": 0.6091204664611113
    },
    "FV2_1": {
      "Low": 1.6890032602835445,
      "Medium": 1.7363141373174695,
      "High": 0.8280762162165004
    },
    "FV2_2": {
      "Low": 1.275405814385888,
      "Medium": 1.9316880189418701,
      "High": 0.5459236838789788
    },
    "FV2_3": {
      "Low": 1.5175640281078204,
      "Medium": 1.4640455454843508,
      "High": 0.5396540468122981
    }
  },
  "regime_weights": {
    "Low": [
      0.09592915040604531,
      0.033182176755780335,
      0.25877021081774293,
      0.20277844141637819,
      0.409340020604053,
      3.1416540732844713e-17,
      8.12357863495915e-17
    ],
    "Medium": [
      0.0,
      0.045100775572533294,
      0.21002263944711802,
      0.06978864339360079,
      0.0,
      0.6750879415867482,
      0.0
    ],
    "High": [
      0.20298732580188802,
      0.24633230942246928,
      2.160159915137798e-17,
      0.16394317031004305,
      0.38673719446559973,
      0.0,
      0.0
    ]
  },
  "static_metrics": {
    "sharpe": 1.8956289547007745,
    "return": 0.13832137268248346,
    "vol": 0.06963899175486933,
    "mdd": -0.06443157204812164
  },
  "dynamic_metrics": {
    "sharpe": 1.9754200513440365,
    "return": 0.15593325348424236,
    "vol": 0.07478963071471421,
    "mdd": -0.0685124077512088
  },
  "improvement_pct": 4.209214912306352
}