{
  "static_metrics": {
    "sharpe": 1.8956289547007745,
    "return": 0.13832137268248346,
    "vol": 0.06963899175486933,
    "mdd": -0.06443157204812164
  },
  "momentum_metrics": {
    "sharpe": 1.8532015440585765,
    "return": 0.1359784025935611,
    "vol": 0.07014006810719584,
    "mdd": -0.0648725979728736
  },
  "improvement_pct": -2.2381706365576797,
  "static_weights": [
    0.087,
    0.09,
    0.117,
    0.149,
    0.429,
    0.084,
    0.045
  ],
  "avg_tilted_weights": [
    0.08700112831814447,
    0.08727695228773359,
    0.11727783228286691,
    0.14365164460047194,
    0.43483989974681925,
    0.08492982258931339,
    0.045022720174649936
  ],
  "lookback": 60,
  "max_tilt": 0.2
}