{
  "timestamp": "2025-11-28T09:45:50.717603",
  "v1_metrics": {
    "total_return": 1.303067301678484,
    "ann_return": 0.18160207957956054,
    "ann_vol": 0.1877338283298436,
    "sharpe": 0.9673380721799923,
    "mdd": -0.2848973290826636,
    "cvar": 0.02375669307631938,
    "days": 1826,
    "years": 4.999315537303217
  },
  "v2_metrics": {
    "total_return": 1.5637592460537206,
    "ann_return": 0.2072206174610849,
    "ann_vol": 0.12069223835654534,
    "sharpe": 1.7169340819491643,
    "mdd": -0.23012662529664363,
    "cvar": 0.015252910299918845,
    "days": 1826,
    "years": 4.999315537303217
  },
  "optimal_weights": {
    "weights": [
      0.30000000000000004,
      0.4,
      0.29999999999999993
    ],
    "sharpe": 0.07618904345548386,
    "cvar": 0.011123634760264803,
    "ann_return": 0.11366681073125395,
    "ann_vol": 0.08903203582351873,
    "score": 0.07062722607535146,
    "engine_weights": {
      "qm": 0.30000000000000004,
      "lv": 0.4,
      "def": 0.29999999999999993
    }
  },
  "regime_weights": {
    "bull": {
      "qm": 0.7,
      "lv": 0.2,
      "def": 0.1
    },
    "bear": {
      "qm": 0.0,
      "lv": 0.4,
      "def": 0.6
    },
    "high_vol": {
      "qm": 0.0,
      "lv": 0.3,
      "def": 0.7
    },
    "neutral": {
      "qm": 0.5,
      "lv": 0.3,
      "def": 0.2
    }
  }
}