{
  "data_split": {
    "in_sample_days": 1506,
    "out_sample_days": 1004,
    "split_ratio": 0.6
  },
  "engines": {
    "A+LS": {
      "in_sample": {
        "sharpe": 1.1061700034151087,
        "return": 0.21704080793560476,
        "vol": 0.19491812930581007,
        "mdd": -0.2993215298742606
      },
      "out_sample": {
        "sharpe": 0.6018188066996242,
        "return": 0.09411565847494208,
        "vol": 0.17493352739197388,
        "mdd": -0.27208503091107417
      },
      "full": {
        "sharpe": 0.9161382163919702,
        "return": 0.16629490322855323,
        "vol": 0.1871757604589163,
        "mdd": -0.2993215298742606
      },
      "degradation_pct": 45.59436570856084
    },
    "C1": {
      "in_sample": {
        "sharpe": 0.8620337041248732,
        "return": 0.18771404518829016,
        "vol": 0.23038679133124512,
        "mdd": -0.25019085857751383
      },
      "out_sample": {
        "sharpe": 0.4741082992752329,
        "return": 0.09971537899058802,
        "vol": 0.28622362452527056,
        "mdd": -0.3227802094143483
      },
      "full": {
        "sharpe": 0.6824363912945952,
        "return": 0.151699702684019,
        "vol": 0.25414984900356336,
        "mdd": -0.32278020941434865
      },
      "degradation_pct": 45.00118765581884
    },
    "LV2": {
      "in_sample": {
        "sharpe": 0.9165565245767677,
        "return": 0.1399756667617864,
        "vol": 0.15633883631512732,
        "mdd": -0.27556749077829706
      },
      "out_sample": {
        "sharpe": 0.626724808507453,
        "return": 0.07495417815732996,
        "vol": 0.12851863676912706,
        "mdd": -0.15323025583173888
      },
      "full": {
        "sharpe": 0.8104668411360462,
        "return": 0.11350796924210682,
        "vol": 0.1458349058716016,
        "mdd": -0.27556749077829706
      },
      "degradation_pct": 31.621804907574948
    },
    "Factor": {
      "in_sample": {
        "sharpe": 0.16323195428844084,
        "return": 0.013213082929472098,
        "vol": 0.14206043530130252,
        "mdd": -0.33240432177776863
      },
      "out_sample": {
        "sharpe": 1.0740135630034402,
        "return": 0.17406881302047394,
        "vol": 0.16158621375147655,
        "mdd": -0.21431247154257738
      },
      "full": {
        "sharpe": 0.5547454641052831,
        "return": 0.07472634294062197,
        "vol": 0.1502159115236087,
        "mdd": -0.33240432177776863
      },
      "degradation_pct": -557.9677169738424
    },
    "FV2_1": {
      "in_sample": {
        "sharpe": 1.5996938457852203,
        "return": 0.1644473471022989,
        "vol": 0.09821558920025027,
        "mdd": -0.10497286833286815
      },
      "out_sample": {
        "sharpe": 1.196595386061362,
        "return": 0.1271931468406866,
        "vol": 0.10464903578500574,
        "mdd": -0.0933372048081405
      },
      "full": {
        "sharpe": 1.431803916375289,
        "return": 0.1494001496465871,
        "vol": 0.10082242677347975,
        "mdd": -0.10497286833286815
      },
      "degradation_pct": 25.198475369891465
    },
    "FV2_2": {
      "in_sample": {
        "sharpe": 1.5615987607389992,
        "return": 0.10995990580390758,
        "vol": 0.06831379683895997,
        "mdd": -0.06921916479735508
      },
      "out_sample": {
        "sharpe": 1.0723338698247629,
        "return": 0.07922835948751894,
        "vol": 0.07363779892089467,
        "mdd": -0.08136283595925237
      },
      "full": {
        "sharpe": 1.3562675418708927,
        "return": 0.09756364787235428,
        "vol": 0.07048238175196664,
        "mdd": -0.08136283595925314
      },
      "degradation_pct": 31.331024538127856
    },
    "FV2_3": {
      "in_sample": {
        "sharpe": 1.4192904982478698,
        "return": 0.14673098684548713,
        "vol": 0.10001751395886173,
        "mdd": -0.10952227858349661
      },
      "out_sample": {
        "sharpe": 0.7737634465979525,
        "return": 0.07771915848726851,
        "vol": 0.10368209823509461,
        "mdd": -0.12542502012450618
      },
      "full": {
        "sharpe": 1.1553344979753348,
        "return": 0.11861121766028937,
        "vol": 0.10149658961103125,
        "mdd": -0.1254250201245057
      },
      "degradation_pct": 45.48237675421824
    }
  },
  "ensemble": {
    "in_sample": {
      "sharpe": 2.000486826679288,
      "return": 0.1469834447246412,
      "vol": 0.06978505295798929,
      "mdd": -0.06443157204812164
    },
    "out_sample": {
      "sharpe": 1.7368147236029292,
      "return": 0.1254507657811581,
      "vol": 0.06944788210003779,
      "mdd": -0.06042014707006405
    },
    "full": {
      "sharpe": 1.8956289547007745,
      "return": 0.13832137268248346,
      "vol": 0.06963899175486933,
      "mdd": -0.06443157204812164
    },
    "degradation_pct": 13.18039686939813
  },
  "conclusion": "PASS"
}