{
  "timestamp": "2025-11-28T09:52:13.469382",
  "optimal_lambda": 0.0,
  "optimal_weights": {
    "qm": 0.30000000000000004,
    "lv": 0.0,
    "def": 0.7
  },
  "regime_weights": {
    "bull": {
      "qm": 1.0,
      "lv": 0.0,
      "def": 0.0
    },
    "bear": {
      "qm": 0.6000000000000001,
      "lv": 0.0,
      "def": 0.3999999999999999
    },
    "high_vol": {
      "qm": 0.6000000000000001,
      "lv": 0.0,
      "def": 0.3999999999999999
    },
    "neutral": {
      "qm": 0.30000000000000004,
      "lv": 0.0,
      "def": 0.7
    }
  },
  "performance": {
    "full": {
      "name": "Dynamic Ensemble",
      "total_return": 87.33562131767123,
      "ann_return": 0.5859486842788058,
      "ann_vol": 0.20722288504310948,
      "sharpe": 2.827625356904515,
      "mdd": -0.23619915473174563,
      "cvar": 0.022732361192418244,
      "days": 3549,
      "years": 9.716632443531827
    },
    "train": {
      "name": "Train",
      "total_return": 22.143932031752,
      "ann_return": 0.5886672532434958,
      "ann_vol": 0.2310369137293874,
      "sharpe": 2.547935928251705,
      "mdd": -0.23619915473174563,
      "cvar": 0.02509816397055576,
      "days": 2479,
      "years": 6.787132101300479
    },
    "oos": {
      "name": "OOS",
      "total_return": 2.8167940173899777,
      "ann_return": 0.5803438774240253,
      "ann_vol": 0.13651802912929667,
      "sharpe": 4.251042013464607,
      "mdd": -0.09005536321946185,
      "cvar": 0.01667706893608345,
      "days": 1069,
      "years": 2.926762491444216
    }
  },
  "lambda_search_results": [
    {
      "lambda": 0.0,
      "weights": {
        "qm": 0.30000000000000004,
        "lv": 0.0,
        "def": 0.7
      },
      "sharpe": 0.12244655388171459,
      "cvar": 0.022292350133218244,
      "score": 0.12244655388171459
    },
    {
      "lambda": 0.1,
      "weights": {
        "qm": 0.30000000000000004,
        "lv": 0.0,
        "def": 0.7
      },
      "sharpe": 0.12244655388171459,
      "cvar": 0.022292350133218244,
      "score": 0.12021731886839276
    },
    {
      "lambda": 0.2,
      "weights": {
        "qm": 0.30000000000000004,
        "lv": 0.0,
        "def": 0.7
      },
      "sharpe": 0.12244655388171459,
      "cvar": 0.022292350133218244,
      "score": 0.11798808385507094
    },
    {
      "lambda": 0.3,
      "weights": {
        "qm": 0.30000000000000004,
        "lv": 0.0,
        "def": 0.7
      },
      "sharpe": 0.12244655388171459,
      "cvar": 0.022292350133218244,
      "score": 0.11575884884174911
    },
    {
      "lambda": 0.4,
      "weights": {
        "qm": 0.30000000000000004,
        "lv": 0.0,
        "def": 0.7
      },
      "sharpe": 0.12244655388171459,
      "cvar": 0.022292350133218244,
      "score": 0.11352961382842729
    },
    {
      "lambda": 0.5,
      "weights": {
        "qm": 0.2,
        "lv": 0.0,
        "def": 0.8
      },
      "sharpe": 0.12212519051615418,
      "cvar": 0.02164691441113911,
      "score": 0.11130173331058463
    },
    {
      "lambda": 0.6,
      "weights": {
        "qm": 0.2,
        "lv": 0.0,
        "def": 0.8
      },
      "sharpe": 0.12212519051615418,
      "cvar": 0.02164691441113911,
      "score": 0.10913704186947072
    },
    {
      "lambda": 0.7,
      "weights": {
        "qm": 0.2,
        "lv": 0.0,
        "def": 0.8
      },
      "sharpe": 0.12212519051615418,
      "cvar": 0.02164691441113911,
      "score": 0.10697235042835682
    },
    {
      "lambda": 0.8,
      "weights": {
        "qm": 0.2,
        "lv": 0.0,
        "def": 0.8
      },
      "sharpe": 0.12212519051615418,
      "cvar": 0.02164691441113911,
      "score": 0.1048076589872429
    },
    {
      "lambda": 0.9,
      "weights": {
        "qm": 0.2,
        "lv": 0.0,
        "def": 0.8
      },
      "sharpe": 0.12212519051615418,
      "cvar": 0.02164691441113911,
      "score": 0.10264296754612898
    },
    {
      "lambda": 1.0,
      "weights": {
        "qm": 0.2,
        "lv": 0.0,
        "def": 0.8
      },
      "sharpe": 0.12212519051615418,
      "cvar": 0.02164691441113911,
      "score": 0.10047827610501507
    }
  ]
}